{
  "train_loss": [
    139.2750206873967,
    139.00235977172852,
    136.87899064284105,
    126.34284858703613,
    116.95715334965632,
    111.33383674621582,
    113.87384397066556,
    99.51537032494178,
    112.33718059246357,
    140.3388703272893,
    138.43790092468262,
    139.13358236459587,
    139.58770857590895,
    139.52282101557805,
    138.65078908480132,
    139.7186516248263,
    138.39668934161847,
    139.32725272545449,
    138.15516119736893,
    138.23995645963228,
    138.20389254643368,
    138.25214522435115,
    138.280001273522,
    138.08467330932618,
    138.16240894611065,
    138.0196008535532,
    139.61640085073617,
    138.15030811016376,
    139.81437611213096,
    138.6654603224534,
    138.42432562021108,
    138.1640883078942,
    138.15248457101674,
    139.41197266211876,
    138.05768147982084,
    138.11012567373422,
    139.07736217792217,
    140.35997220552883,
    139.60979206378644,
    138.64632007892314,
    137.96117694561298,
    138.1605953509991,
    139.0262226985051,
    138.42937425466684,
    138.00688846294696,
    139.52707114586462,
    139.4165879176213,
    138.67201048044058,
    138.90226416954627,
    138.16577679560734
  ],
  "train_recon": [
    139.25421952467698,
    138.99358649620643,
    136.70892122708835,
    126.18514926616962,
    116.73940899188702,
    111.09264347369854,
    113.59064589280348,
    99.0833392216609,
    111.92493873009315,
    139.64113147442157,
    138.19540342184214,
    138.67496455265925,
    139.13226036658654,
    139.24062224168043,
    138.43004188537597,
    139.33676749009354,
    138.15070445720966,
    139.23562287550706,
    138.0638797173133,
    138.098779296875,
    138.06365183316746,
    138.14713523571308,
    138.17799166165867,
    138.00215908930852,
    138.09875693688025,
    137.96508472149188,
    139.56856325589695,
    138.0958836922279,
    139.75841410710262,
    138.60558712299053,
    138.37135244516227,
    138.11840440309965,
    138.1011401249812,
    139.367627789424,
    138.0192916576679,
    138.07604170579177,
    139.042228610699,
    140.32509756821852,
    139.57675244258002,
    138.6149329845722,
    137.93260754805345,
    138.1339333167443,
    139.00336963947004,
    138.40920574481672,
    137.98609061607948,
    139.50791317866398,
    139.39565479572002,
    138.64832038879393,
    138.88071098327637,
    138.14526842557467
  ],
  "train_kl": [
    0.20801743727463942,
    0.08772751035598608,
    1.7006908140646724,
    1.576992937621589,
    2.177444815635681,
    2.41193354175641,
    2.831982948917609,
    4.320303849990552,
    4.12242189003871,
    6.977380682871892,
    2.424973722604605,
    4.5861718086095955,
    4.554489146746122,
    2.821981441057645,
    2.207473199184124,
    3.8188449199383077,
    2.459857432658856,
    0.9162927911831782,
    0.9128164172172546,
    1.4117861527663012,
    1.402407143666194,
    1.0501032572526199,
    1.0200983368433438,
    0.8251391832645123,
    0.6365125967906071,
    0.5451639780631432,
    0.47838079379155085,
    0.5442471669270442,
    0.5596195945372948,
    0.598731190424699,
    0.5297441899776458,
    0.45684596575223485,
    0.5134483699615185,
    0.4434336469723628,
    0.38388966734592733,
    0.3408331926052387,
    0.35133740993646473,
    0.3487462589373955,
    0.3303905927217924,
    0.3138667138723227,
    0.28569424289923445,
    0.2666156353858801,
    0.22853165498146644,
    0.20169571821506208,
    0.20798003444304833,
    0.1915788769721985,
    0.2093300998210907,
    0.23690620362758635,
    0.21553514920748196,
    0.2050921543286397
  ],
  "val_mse": [
    3302.749312127497,
    3303.4296079655282,
    3095.4317435667685,
    2827.8235273538176,
    2621.9713967864045,
    2659.3312958078286,
    2381.304495207796,
    2273.0015841454574,
    3325.1496853857925,
    3306.95280988241,
    3303.8137582051386,
    3302.7017897773035,
    3309.1168165069266,
    3302.710759302513,
    3303.6516445513853,
    3305.096612737597,
    3305.751847918009,
    3306.1126029417687,
    3304.4026357119847,
    3305.70832293009,
    3305.8398608650127,
    3305.9886628141107,
    3305.394263198695,
    3305.9558203628385,
    3305.8515614932344,
    3305.238110099871,
    3305.9980252295427,
    3305.1512388249034,
    3305.506400763128,
    3305.4386819426545,
    3305.2313831447327,
    3305.336369402384,
    3305.1660327400127,
    3305.8228414948453,
    3305.355070574259,
    3305.4224105992266,
    3305.6605174271103,
    3305.62029588837,
    3305.398814281975,
    3305.4112596649484,
    3305.400336259665,
    3305.253399343589,
    3305.334623419378,
    3305.1723703286084,
    3305.0481621496456,
    3305.1360087286566,
    3305.130657015142,
    3305.0649753845846,
    3305.0984931237917,
    3305.0861187177834
  ],
  "val_accuracy": [
    0.024742268041237112,
    0.02268041237113402,
    0.0288659793814433,
    0.020618556701030927,
    0.02268041237113402,
    0.020618556701030927,
    0.020618556701030927,
    0.020618556701030927,
    0.024742268041237112,
    0.02268041237113402,
    0.02268041237113402,
    0.020618556701030927,
    0.02268041237113402,
    0.020618556701030927,
    0.02268041237113402,
    0.02268041237113402,
    0.02268041237113402,
    0.02268041237113402,
    0.02268041237113402,
    0.02268041237113402,
    0.02268041237113402,
    0.02268041237113402,
    0.02268041237113402,
    0.02268041237113402,
    0.02268041237113402,
    0.02268041237113402,
    0.02268041237113402,
    0.02268041237113402,
    0.02268041237113402,
    0.02268041237113402,
    0.02268041237113402,
    0.02268041237113402,
    0.02268041237113402,
    0.02268041237113402,
    0.02268041237113402,
    0.02268041237113402,
    0.02268041237113402,
    0.02268041237113402,
    0.02268041237113402,
    0.02268041237113402,
    0.02268041237113402,
    0.02268041237113402,
    0.02268041237113402,
    0.02268041237113402,
    0.02268041237113402,
    0.02268041237113402,
    0.02268041237113402,
    0.02268041237113402,
    0.02268041237113402,
    0.02268041237113402
  ]
}