{
  "train_loss": [
    139.59015637911284,
    138.4573736337515,
    134.13938669057993,
    138.07598947378304,
    137.49051631047175,
    137.32533440223108,
    137.74375155522273,
    137.53242275531474,
    137.58739706186148,
    136.8972446148212,
    137.1297710125263,
    137.1551792731652,
    138.12396067105806,
    136.99835604154146,
    138.86775559645432,
    138.11516659076398,
    137.53581581115722,
    137.44930370037372,
    137.38462283794698,
    137.4602791419396,
    138.77053885826697,
    137.52429749415472,
    137.25099258422853,
    137.16083280123198,
    137.86293505155123,
    138.06169823866625,
    137.1529329446646,
    138.18592050992527,
    137.11242807828464,
    137.68394352839545,
    140.0447266505315,
    137.12442286564755,
    137.06639662522537,
    137.10691962608925,
    137.41381008441633,
    137.01999690716085,
    138.82879022451547,
    137.06117233863245,
    137.0965438255897,
    137.06353830190804,
    137.01164920513446,
    137.01427098787747,
    139.48193497290978,
    137.6895431811993,
    137.6837088071383,
    138.05050926208497,
    137.73012026273287,
    137.8247243441068,
    137.72242126464843,
    138.8700577369103
  ],
  "train_recon": [
    139.53982479388898,
    138.42883385878343,
    133.85583035395695,
    137.99304709801308,
    137.44436451838567,
    137.28814342205342,
    137.7146761380709,
    137.50803099412184,
    137.56378702016977,
    136.87702102661132,
    137.1133306650015,
    137.14176374582144,
    138.11283264160156,
    136.98948692908652,
    138.86007804870604,
    138.10691989018366,
    137.52848446185772,
    137.442797264686,
    137.37866859436036,
    137.45458397498498,
    138.76535500746508,
    137.5190675001878,
    137.24606381929837,
    137.15661952678974,
    137.8593531681941,
    138.05827941894532,
    137.15012353750376,
    138.18311955378607,
    137.1095923790565,
    137.68132142287035,
    140.0421284895677,
    137.1220159970797,
    137.06424170274002,
    137.10489883422852,
    137.4118037884052,
    137.01800105755146,
    138.8267779130202,
    137.05918455857497,
    137.09455325786885,
    137.0615661621094,
    137.0097465808575,
    137.0123643728403,
    139.4800512754,
    137.68770258976863,
    137.68195235912617,
    138.0487464611347,
    137.72836579542894,
    137.82299643296463,
    137.72070151108963,
    138.86835280198318
  ],
  "train_kl": [
    0.5033110648966752,
    0.28539675264977493,
    2.835563928748553,
    0.8294209866569593,
    0.46151529000355646,
    0.3719074918673589,
    0.29074182097728435,
    0.2439167462862455,
    0.23610632648834814,
    0.20223111854149745,
    0.16439198691111345,
    0.13416390659717414,
    0.11128950405579346,
    0.08868819051063978,
    0.07678416589131722,
    0.08246999967556734,
    0.07331604648094911,
    0.0650593852194456,
    0.05953518616465422,
    0.05695393240222564,
    0.051835454713839754,
    0.05230270148469852,
    0.049293716767659555,
    0.042124949051783635,
    0.035807208659557194,
    0.03419325712781686,
    0.028094448951574473,
    0.02801873400234259,
    0.02836827254639222,
    0.026218800189403386,
    0.0259843537154106,
    0.024061483889818193,
    0.021557476858680064,
    0.020198718028572888,
    0.020056255161762238,
    0.019963435800029683,
    0.020118238433049274,
    0.019874253783088464,
    0.01991424775467469,
    0.01971836150265657,
    0.01903619895187708,
    0.01906493274638286,
    0.01882967289823752,
    0.018402961670206143,
    0.01756991480405514,
    0.01762084634258197,
    0.017530158878518984,
    0.017283885610791354,
    0.017198743470586263,
    0.017050520789164764
  ],
  "val_mse": [
    3306.0512851361145,
    3304.206150330219,
    3017.363039122906,
    3288.9671849830866,
    3261.423703789465,
    3279.727053298164,
    3275.890887765786,
    3296.2150476200063,
    3293.5377431338597,
    3285.836879832474,
    3285.607373046875,
    3285.212050982603,
    3285.683375785277,
    3287.2529553600193,
    3303.4364902142397,
    3298.6759775692653,
    3296.8547557083602,
    3297.0961362858407,
    3297.458634020619,
    3297.3258945111147,
    3297.491795364852,
    3297.1451685325387,
    3298.0737088232927,
    3300.7631803217623,
    3296.4443555694265,
    3296.7207202400127,
    3296.697419911807,
    3298.10891062943,
    3298.1127884383054,
    3298.206134473663,
    3298.621817362677,
    3298.081595823937,
    3298.1747508255476,
    3298.141727911566,
    3298.368032679607,
    3298.2649273115335,
    3298.467765886759,
    3298.4185728092784,
    3298.5219014275935,
    3298.5027655847293,
    3298.524286203286,
    3298.7123623248226,
    3298.6996823654963,
    3298.604817372745,
    3298.5383849468426,
    3298.5476471891106,
    3298.5773553278027,
    3298.5249969797037,
    3298.5658404478095,
    3298.55309731395
  ],
  "val_accuracy": [
    0.024742268041237112,
    0.024742268041237112,
    0.0288659793814433,
    0.024742268041237112,
    0.02268041237113402,
    0.020618556701030927,
    0.0288659793814433,
    0.026804123711340205,
    0.024742268041237112,
    0.02268041237113402,
    0.020618556701030927,
    0.020618556701030927,
    0.020618556701030927,
    0.020618556701030927,
    0.018556701030927835,
    0.018556701030927835,
    0.018556701030927835,
    0.018556701030927835,
    0.018556701030927835,
    0.018556701030927835,
    0.018556701030927835,
    0.018556701030927835,
    0.020618556701030927,
    0.020618556701030927,
    0.018556701030927835,
    0.020618556701030927,
    0.020618556701030927,
    0.020618556701030927,
    0.020618556701030927,
    0.020618556701030927,
    0.020618556701030927,
    0.020618556701030927,
    0.020618556701030927,
    0.020618556701030927,
    0.020618556701030927,
    0.020618556701030927,
    0.020618556701030927,
    0.020618556701030927,
    0.020618556701030927,
    0.020618556701030927,
    0.020618556701030927,
    0.020618556701030927,
    0.020618556701030927,
    0.020618556701030927,
    0.020618556701030927,
    0.020618556701030927,
    0.020618556701030927,
    0.020618556701030927,
    0.020618556701030927,
    0.020618556701030927
  ]
}